[{"email":"dudeful@outlook.com","token":"e2c9f079-be5b-4e55-b533-e83032a2fd99","timestamp":1649127262538},{"email":"jesus@christ.com","token":"c70c6b46-84a5-42a7-8e44-0a4b29634bda","timestamp":1648689920197},{"email":"hello@world.com","token":"a361c5ac-2789-47ee-92a9-5dec2d9a12d7","timestamp":1648691587928},{"email":"json@data.com","token":"e4214df9-5194-4ed3-a2bc-163178805208","timestamp":1648666316796},{"email":"pedro@pedro.com","token":"36125dcb-3927-4bd9-ba52-ad72a29a54d9","timestamp":1648669375174}]